{
  "metrics": {
    "Accuracy": 0.9816810344827587,
    "Precision": 0.9804772234273319,
    "Recall": 0.9826086956521739,
    "F1 Score": 0.9815418023887079,
    "ROC-AUC": 0.9989362690449647
  },
  "error_rate": 0.018318965517241326,
  "distance_error": {
    "mean": 517.6944835976338,
    "std": 790.0926777418674
  },
  "iou": 0.5304347826086957,
  "confusion_matrix": [
    [
      459,
      9
    ],
    [
      8,
      452
    ]
  ]
}